https://www.hipp.pl/,
https://www.hipp.pljavascript:void(0),
https://www.hipp.pl/klub/zaloguj-sie,
https://www.hipp.pl/klub/zarejestruj-sie,
https://www.hipp.pl/klub/korzysci-klubu,
https://www.hipp.pl/sklep,
https://www.hipp.pl/mleko,
https://www.hipp.pl/mleko/produkty,
https://www.hipp.pl/mleko/karmienie-piersia,
https://www.hipp.pl/mleko/mleko-modyfikowane,
https://www.hipp.pl/mleko/forum,
https://www.hipp.pl/mleko/leksykon-mleczny,
https://www.hipp.pl/mleko/nowa-receptura,
https://www.hipp.pl/zywienie-0-1,
https://www.hipp.pl/zywienie-0-1/aktualnosci,
https://www.hipp.pl/zywienie-0-1/produkty,
https://www.hipp.pl/zywienie-0-1/rozszerzanie-diety,
https://www.hipp.pl/zywienie-0-1/poradnik,
https://www.hipp.pl/zywienie-0-1/forum,
https://www.hipp.pl/zywienie-0-1/odkrywca-skladnikow,
https://www.hipp.pl/dzieci-1,
https://www.hipp.pl/dzieci-1/aktualnosci,
https://www.hipp.pl/dzieci-1/produkty,
https://www.hipp.pl/dzieci-1/poradnik,
https://www.hipp.pl/dzieci-1/kontakt,
https://www.hipp.pl/dzieci-1/forum,
https://www.hipp.pl/pielegnacja,
https://www.hipp.pl/pielegnacja/produkty,
https://www.hipp.pl/pielegnacja/dla-wrazliwej-skory,
https://www.hipp.pl/pielegnacja/poradnik,
https://www.hipp.pl/pielegnacja/kontakt,
https://www.hipp.pl/pielegnacja/forum,
https://www.hipp.pl/ciaza,
https://www.hipp.pl/ciaza/produkty,
https://www.hipp.pl/ciaza/poradnik,
https://www.hipp.pl/ciaza/kontakt,
https://www.hipp.pl/ciaza/forum,
https://www.hipp.pl/klub,
https://www.hipp.pl/klub/korzysci-klubu,
https://www.hipp.pl/klub-logged-in/forum,
https://www.hipp.pl/klub/zaloguj-sie,
https://www.hipp.pl/klub/zarejestruj-sie,
https://www.hipp.pl/klub/pomoc-klubu-maluszka,
https://www.hipp.pl/klub/nie-pamietasz-hasla,
https://www.hipp.pl/kontakt,
https://www.hipp.pl/kontakt/jakosc-bio,
https://www.hipp.pl/kontakt/odkrywca-skladnikow,
https://www.hipp.pl/kontakt/firma,
https://www.hipp.pl/kontakt/kontakt,
https://www.hipp.pl/kontakt/forum,
https://www.hipp.pl/mleko,
https://www.hipp.pl/klub/zarejestruj-sie,
https://www.hipp.pl/zywienie-0-1/rozszerzanie-diety/rozszerzanie-diety-praktyczne-wskazowki,
https://www.hipp.pl/zywienie-0-1,
https://www.hipp.pl/mleko,
https://www.hipp.pl/klub/zarejestruj-sie,
https://www.hipp.pl/zywienie-0-1/rozszerzanie-diety/rozszerzanie-diety-praktyczne-wskazowki,
https://www.hipp.pl/mleko/produkty,
https://www.hipp.pl/zywienie-0-1/produkty,
https://www.hipp.pl/dzieci-1/produkty,
https://www.hipp.pl/pielegnacja/produkty,
https://www.hipp.pl/ciaza/produkty,
https://www.hipp.pl,
https://www.hipp.pl/mleko,
https://www.hipp.pl/mleko,
https://www.hipp.pl/zywienie-0-1,
https://www.hipp.pl/zywienie-0-1,
https://www.hipp.pl/pielegnacja,
https://www.hipp.pl/pielegnacja,
https://www.hipp.pl/sklep,
https://www.hipp.pl/sklep,
https://www.hipp.pljavascript:void(0);,
https://www.hipp.pl/mleko,
https://www.hipp.pl/mleko,
https://www.hipp.pljavascript:void(0);,
https://www.hipp.pl/zywienie-0-1,
https://www.hipp.pl/zywienie-0-1,
https://www.hipp.pljavascript:void(0);,
https://www.hipp.pl/pielegnacja,
https://www.hipp.pl/pielegnacja,
https://www.hipp.pljavascript:void(0);,
https://www.hipp.pl/sklep,
https://www.hipp.pl/sklep,
https://www.hipp.pl/kontakt/jakosc-bio,
https://www.hipp.plhttps://www.facebook.com/HiPP.Polska/?fref=ts,
https://www.hipp.plhttps://www.youtube.com/channel/UCpgF_ykmxsyIp9cfJst14bQ,
https://www.hipp.plhttps://www.instagram.com/hipp.polska/,
https://www.hipp.plhttps://hipp.pl/kontakt/kontakt/,
https://www.hipp.pl/,
https://www.hipp.pl,
https://www.hipp.pl/mleko,
https://www.hipp.pl/zywienie-0-1,
https://www.hipp.pl/dzieci-1,
https://www.hipp.pl/pielegnacja,
https://www.hipp.pl/ciaza,
https://www.hipp.pl/polityka-prywatnosci,
https://www.hipp.pl/polityka-bezpieczenstwa,
https://www.hipp.pl/zasady-korzystania,
https://www.hipp.pl/impresum,
https://www.hipp.pl/kontakt,
https://www.hipp.pl/kontakt/kontakt,
